Application_ID,Employee_ID,Employee_Name,Employee_Email,Leave_Type,Start_Date,End_Date,Days_Requested,Reason,Application_Date,Status,Approved_By,Approved_Date,Manager_Comments,Emergency,Department,Remaining_Balance_Before,Remaining_Balance_After
APP001,EMP001,John Smith,john.smith@company.com,Sick_Leave,2025-08-05,2025-08-07,3,Flu symptoms,2025-08-04,Approved,HR Manager,2025-08-04,Approved for recovery,FALSE,IT,10,7
APP002,EMP002,Jane Doe,jane.doe@company.com,Casual_Leave,2025-08-15,2025-08-19,5,Family vacation,2025-08-04,Approved,Line Manager,2025-08-04,Enjoy your vacation,FALSE,HR,15,10
APP003,EMP003,Mike Johnson,mike.johnson@company.com,Earned_Leave,2025-08-10,2025-08-12,3,Personal matters,2025-08-04,Pending,,,FALSE,Finance,12,9
APP004,EMP004,Sarah Wilson,sarah.wilson@company.com,Sick_Leave,2025-08-06,2025-08-06,1,Doctor appointment,2025-08-04,Pending,,,FALSE,IT,8,7
APP005,EMP005,David Brown,david.brown@company.com,Casual_Leave,2025-08-20,2025-08-24,5,Wedding ceremony,2025-08-04,Approved,HR Manager,2025-08-04,Congratulations!,FALSE,Marketing,18,13
